,Nationality,PlayerName,Name,Birthday
0,Russia,.Ark,Egor Zhabotinskii,1997-07-07
1,Denmark,13abyKnight,Jon Andersen,1992-06-15
2,Canada,1437,Sivatheeban Sivanathapillai,N/A
3,China,290,Zeng Chen,N/A
4,United Kingdom,2GD,James Harding,1982-12-29
5,Israel,33,Neta Shapira,1997-04-17
6,Malaysia,343,Adam Erwann,N/A
7,Brazil,4DR,Adriano de,1993-07-13
8,China,5400,Yang Huaining,N/A
9,Russia,BzzIsPerfect,Stanislav Glushan,1992-11-09
10,France,7ckngMad,Sébastien Debs,1992-05-11
11,China,820,Zou Yitian,1990-04-13
12,China,86,Chen Yuxuan,N/A
13,China,MKSos,Liu Yufeng,N/A
14,China,897,Tang Zhirui,N/A
15,Russia,9pasha,Pavel Khvastunov,1992-06-30
16,China,Dogf1ghts,Gao Tianpeng,1995-12-05
17,Thailand,AabBAA,Chanon Chiwpreecha,1990-09-07
18,Philippines,Ab1ng,Avelino Parungao,N/A
19,Philippines,Abed,Abed Azel,2000-08-02
20,Peru,Accel,Christian Cruz,1995-10-20
21,Denmark,Ace,Marcus Hoelgaard,1994-01-19
22,Sweden,AdmiralBulldog,Henrik Ahnberg,1990-12-19
23,Russia,Admiration,Igor Kalnysh,N/A
24,China,Adong,Chen Yingdong,N/A
25,Malaysia,ADTR,Ahmad Syazwan,N/A
26,Russia,Afoninje,Andrey Afonin,1996-09-27
27,Jordan,AfrOmoush,Mohammad Khalil,1996-12-06
28,Russia,AfterLife,Vasily Shishkin,1997-03-13
29,China,Agressif,Sun Zheng,1991-11-11
30,Malaysia,Ahfu,Tue Soon,1994-06-06
31,Malaysia,Ahjit,Lai Jay,N/A
32,China,Air,Yin Yuxiao,N/A
33,Sweden,Akke,Joakim Akterhall,1988-05-26
34,Germany,Alex,Alexander Reinhardt,1991-09-07
35,Ukraine,ALOHADANCE,Ilya Korobkin,1997-09-15
36,Ukraine,ALWAYSWANNAFLY,Andrey Bondarenko,1991-03-06
37,China,Ame,Wang Chunyu,1997-04-07
38,Germany,Amoment,Michael German,N/A
39,Australia,Ana,Anathan Pham,1999-10-26
40,USA,AnneeDroid,Annie LeClair,1995-04-29
41,China,Another,Wang Wenjun,N/A
42,Sweden,Apemother,Joel Larsson,1990-12-14
43,Romania,Arise,Turtoi Ionut,1993-04-08
44,Mongolia,Ariunbolor,Ariunbolor Altantsetseg,N/A
45,Philippines,Armel,Armel Paul,2000-01-20
46,Russia,ARS-ART,Sergey Revin,1988-08-12
47,Russia,ArsZeeqq,Arseniy Usov,N/A
48,Canada,Arteezy,Artour Babaev,1996-07-01
49,Ukraine,Artes,Artem Gorobey,1995-09-07
50,Ukraine,Artstyle,Ivan Antonov,1989-04-20
51,United Arab Emirates,Attacker,Mohammed Almheiri,1994-07-16
52,Peru,Atun,Juan Ochoa,N/A
53,Canada,Aui 2000,Kurtis Daniel,1992-10-02
54,China,AutumnWindz,Joshua Lee,N/A
55,Indonesia,Aville,Adit Rosenda,N/A
56,China,Awoke,Ye Jing,1987-11-30
57,Russia,Ax.Mo,Dmitry Morozov,N/A
58,China,Axx,Bi Xia,N/A
59,Ukraine,Axypa,Bogdan Boychuk,N/A
60,USA,Ayesee,Aaron Chambers,1984-12-05
61,China,Ayo,Fan Tianyou,N/A
62,Canada,B,Scott Jensen,N/A
63,Ukraine,BafiK,Aleksey Bafadarov,N/A
64,Brazil,Baga,Thárcio Medeiros,1994-03-31
65,Denmark,Balsam,Andreas Løchte,1991-10-27
66,China,Banana,Wang Jiao,N/A
67,USA,BananaSlamJamma,Brian Canavan,N/A
68,South Korea,BaNhwa,Yoon Deok,N/A
69,Russia,Barash,Dmitry Lednikov,N/A
70,Brazil,Bardo,Lucas Raphael,N/A
71,Bulgaria,Bashruk,Ivan Valev,1996-12-12
72,Australia,Basskip,Cameron Scott,1993-05-09
73,China,BBC,Zhang Hongsheng,N/A
74,USA,Bdiz,Robert Tinnes,N/A
75,United Kingdom,Beesa,Alder Beano,1993-12-24
76,Malaysia,Ben,Benjamin Cheong,N/A
77,Philippines,Benhur,Benhur Lawis,1997-03-05
78,Peru,Benjaz,Benjamín Lanao,1993-09-30
79,Ukraine,Bignum,Danil Shehovtsov,N/A
80,Philippines,Bimbo,Ryan Jay,1995-11-15
81,Vietnam,Biryu,Hà Qu?c,N/A
82,Denmark,Biver,Malthe Winther,N/A
83,USA,Bkid,Josh Choi,1989-05-08
84,Germany,Black^,Dominik Reitmeier,1993-05-27
85,USA,Blaze,David Dillon,N/A
86,Germany,Blazemon,Jamal Sohail,1996-02-13
87,China,BLink,Zhou Yang,1992-07-31
88,USA,Blitz,William Lee,1990-05-21
89,USA,Bloody Nine,Daniel Foster,1992-11-11
90,Russia,Blowyourbrain,Vladislav Morozyuk,1992-10-03
91,China,BoBoKa,Ye Zhibiao,1997-01-06
92,Philippines,Bok,Jun Kanehara,N/A
93,Romania,BOne7,Pittner Armand,1991-02-20
94,Philippines,Boombacs,Marvin Rushton,1993-01-06
95,Thailand,Boombell,Anurat Praianun,1990-06-30
96,Canada,Boris,Bill Oliver,N/A
97,Sweden,Boxi,Samuel Svahn,N/A
98,USA,Brax,Braxton Paulson,N/A
99,Argentina,Bruno,Bruno Carlucci,N/A
100,Indonesia,Bubu,Muhammad Damar,1993-10-23
101,USA,BuLba,Kanishka Sosale,1991-07-10
102,Thailand,BungsellRotee,Thithat Tachawattanakul,N/A
103,China,BurNIng,Xu Zhilei,1988-04-02
104,Finland,Buugi,Joni Fält,N/A
105,Philippines,BYB,Mark Adrian,1993-06-10
106,Brazil,C4t,Emilano Ito,1993-02-12
107,USA,Cak3z,Clay Winkler,N/A
108,Romania,CanceL^^,Mihai Antonio,1996-10-17
109,USA,Capitalist,Austin Walsh,N/A
110,France,Carn,Souaib Hanaf,N/A
111,China,Carrot,Peng Chao,N/A
112,Philippines,CartMaN,James Palatolon,1993-09-28
113,Ukraine,CaspeRRR,Roman Lepokhin,1990-03-21
114,Philippines,Cast,Mark Pilar,1987-05-12
115,USA,CC&amp;C,Quinn Callahan,N/A
116,Ukraine,CemaTheSlayeR,Semion Krivulya,1994-03-09
117,Singapore,Chains,Wei Sheng,N/A
118,China,Chalice,Yang Shenyi,1998-08-16
119,China,YUI,Zhang Chaowen,N/A
120,Denmark,Chaoly,N/A,N/A
121,China,ChaoYue,Cao An,1995-10-09
122,Russia,Chappie,Vladimir Kuzmenko,1997-04-03
123,Sweden,Chessie,Rasmus Blomdin,1992-12-26
124,Singapore,Chibix,Joel Chan,1990-05-25
125,China,Chisbug,Li Chen,N/A
126,Sweden,Chrillee,Christopher Wåhlin,N/A
127,Belarus,Chshrct,Eugene Kastrama,1990-09-05
128,Malaysia,ChuaN,Wong Hock,1991-07-28
129,Russia,Chuvash,Evgeniy Makarov,1998-05-10
130,Canada,Clairvoyance,Aaron Kim,N/A
131,Romania,ComeWithMe,Alexandru Craciunescu,1992-11-04
132,Canada,Conrad,Conrad Janzen,N/A
133,China,Cookie bear,Ai Xin,N/A
134,Russia,Cooman,Zaur Shakhmurzaev,1998-08-12
135,USA,Corey,Corey Wright,N/A
136,Brazil,Costabile,Guilherme Silva,N/A
137,Denmark,Cr1t-,Andreas Franck,1996-07-13
138,Czech Republic,CraNich,Petr Meluzin,N/A
139,Russia,Crazy,Oleg Kolesnichenko,N/A
140,South Korea,Crio J,Choi Jong,1989-10-07
141,Ukraine,Crystallize,Vladislav Krystanek,1999-08-08
142,China,Cty,Chen Tianyu,1994-12-16
143,China,Yim,Long Zhan,1993-05-22
144,United Kingdom,Cyborgmatt,Matthew Bailey,N/A
145,South Korea,CyNiCaL,Jung Dong,N/A
146,Brazil,Cys,Kaue Camuci,1995-03-16
147,Sweden,CYso,Julius Åberg,1992-04-28
148,Malaysia,Dabeliuteef,Jun Liong,N/A
149,Sweden,DancingDragon,Josef Bernhardsson,N/A
150,China,Dark,Song Runxi,N/A
151,China,DD,Xie Bin,N/A
152,Macau,Ddc,Leong Fat,1990-07-03
153,China,DDR,Ruan Zhenghao,N/A
154,Argentina,DDX-,Alan Salvati,1990-12-18
155,Malaysia,Ddz,Kok Yi,N/A
156,USA,DeMoN,Jimmy Ho,1990-07-08
157,China,Demons,Xiao Zuoyi,N/A
158,Ukraine,Dendi,Danil Ishutin,1989-12-30
159,China,Destiny,Huang Hao,N/A
160,Russia,Ditya Ra,Dmitry Minenkov,1995-03-26
161,Philippines,DJ,Djardel Jicko,1994-11-06
162,Ukraine,DkPhobos,Alexander Kucheria,1989-08-27
163,Croatia,Dnz,Dino Šavuk,1994-12-23
164,South Korea,Doctor,Son Kyung,N/A
165,China,Dog 7,Wang Zhenzhou,N/A
166,USA,Draskyl,Andy Stiles,1988-01-19
167,Sweden,Drayich,Kim Larsson,1982-12-22
168,Russia,Dread,Andrey Golubev,1991-01-19
169,Indonesia,Dreamocel,Randy Muhammad,1998-01-14
170,China,DreamyU,Xue Zhuorui,N/A
171,Ukraine,Droog,Dmitry Chumachenko,1988-08-23
172,South Korea,DuBu,Kim Doo,1993-07-12
173,USA,DurpDurp,Erik Kamerling,N/A
174,Brazil,Duster,Heitor Pereira,2000-08-08
175,Netherlands,Dutch Freak,Hugo Bos,N/A
176,China,DXM,Ding Zhenghao,N/A
177,USA,Eagle,Shane Milke,N/A
178,Ukraine,Ecnart,Sergey Slobodyanyk,N/A
179,Sweden,EGM,Jerry Lundkvist,1991-06-04
180,Poland,EL lisasH,Rafa? Wójcik,1996-07-28
181,China,ELeVeN,Ren Yangwei,1995-12-07
182,USA,Eosin,Steven Cheng,N/A
183,Sweden,Era,Adrian Kryeziu,1995-09-03
184,Sweden,Eresloco,Tobias Everhorn,N/A
185,Philippines,Eri Neeman,Eri Neeman,1986-12-12
186,Sweden,Eskillz,Eskil Wilhelm,1992-04-01
187,Sweden,Etakaka,Alexander Lindström,N/A
188,Canada,EternaLEnVy,Jacky Mao,1991-07-02
189,Philippines,Ewe,Earlwin Libre,N/A
190,Sweden,Excalibur,Steve Ye,1997-08-21
191,Poland,Exotic Deer,Natan Michalewicz,N/A
192,Philippines,Eyyou,Nico Barcelon,N/A
193,South Korea,F(x),Choi Jongseob,N/A
194,China,Pain,Pan Yi,N/A
195,China,Faith,Zeng Hongda,1992-02-06
196,China,Faith bian,Zhang Ruida,1998-03-21
197,China,FaN,Fan Yixuan,N/A
198,Germany,Fata,Adrian Trinks,1993-02-24
199,USA,Fear,Clinton Loomis,1988-02-19
200,Ukraine,Feaver,Oleg Skarzhinsky,1995-11-23
201,South Korea,Febby,Kim Yong,1993-02-19
202,Jordan,Feero,Feras Hroob,N/A
203,China,Fenrir,Lu Chao,1989-01-18
204,China,Ferrari 430,Luo Feichi,1990-02-14
205,Russia,Fervian,Evgeniy Aksyonov,N/A
206,Poland,Fey,Filip Musialski,1999-06-16
207,Sweden,Fishbone,Olle Sjöland,N/A
208,Sweden,Five,Adam Grönberg,N/A
209,Sweden,Flens,Dennis Brofalk,1994-07-10
210,Russia,Flow,Alexander Sazonov,N/A
211,USA,FLUFFNSTUFF,Brian Lee,1992-08-02
212,Israel,Fly,Tal Aizik,1993-03-09
213,USA,Fly.,Yao Linhui,N/A
214,China,Flyby,Su Lei,N/A
215,USA,FlyingZebra,Michael Stanus,N/A
216,Philippines,Flysolo,Kenneth Coloma,1991-12-25
217,Ukraine,Fn,Rostislav Lozovoi,N/A
218,Belarus,Fng,Artyom Barshack,1995-09-24
219,USA,Fogged,Ioannis Loucas,1989-12-12
220,China,Fonte,Lai Xingyu,1996-08-18
221,South Korea,Forev,Lee Sang,1991-11-18
222,Philippines,Foxx,Jeffrey Fortunato,N/A
223,USA,FrancisLee,Francis Lee,N/A
224,Sweden,Frigoleet,Jesper Göthe,N/A
225,Canada,Fronz,Wilson Teng,N/A
226,USA,FROZEN,Ryan Davis,N/A
227,Ukraine,Funn1k,Gleb Lipatnikov,1992-11-16
228,France,Funzii,Thibault Calonne,N/A
229,China,Fusheng,Feng Zhichao,N/A
230,China,Fy,Xu Linsen,1995-02-12
231,China,Fyms,Wu Junying,N/A
232,Malaysia,FzFz,Cheng Hor,N/A
233,Russia,G,Sergey Alexandrovich,1992-04-16
234,Serbia,G0g1,Gordan Prosic,1988-10-19
235,Philippines,Gabbi,Kim Villafuerte,1995-08-01
236,Brazil,Gambling,Fabio Fernandes,N/A
237,China,Garder,Liu Xinzhou,1989-04-17
238,United Kingdom,Gareth,Gareth Bateson,1989-06-06
239,Albania,Garter,Ylli Ramadani,1991-09-26
240,China,END,Yang Pu,N/A
241,Ukraine,Gedrox,Vladislav Kozak,N/A
242,Ukraine,GeneRaL,Victor Nigrini,1996-08-05
243,Germany,German player,Matthias Deutschmann,N/A
244,Russia,GGwpLanaya,Vlad Malikov,N/A
245,Lebanon,GH,Maroun Merhej,N/A
246,China,Ghost (player),Zheng Jie,N/A
247,Ukraine,Ghostik,Andrey Kadyk,1994-08-24
248,Italy,GiGA,Gabriele Giganti,N/A
249,China,Gintoki,Li Chunbo,N/A
250,Philippines,Gio,Jose Ramolete,N/A
251,Philippines,Gnoji,Ceejay Pelagio,N/A
252,Sweden,GoAudio,Tobi Strand,N/A
253,Ukraine,Goblak,Artur Kostenko,1988-12-04
254,Kazakhstan,Goddam,Dulat Seidimomyn,1995-12-09
255,Australia,Godot,Darcy Milho,1991-09-28
256,Australia,GoDz,David Parker,1990-02-27
257,Russia,Gorec,Ivan Kartankov,N/A
258,Sweden,Gorgc,Janne Stefanovski,1993-10-28
259,USA,GranDGranT,Grant Harris,N/A
260,Peru,Greedy,Alexis Ventura,N/A
261,USA,Guanzo,Eric Guan,N/A
262,Venezuela,Gudii,William Aguilera,1991-08-20
263,Germany,H4nn1,Kai Hanbückers,N/A
264,Singapore,Hana,Paul Tan,N/A
265,Sweden,Handsken,Simon Haag,1994-04-24
266,USA,HANNAH MONTANA,Tony Talavera,1992-01-01
267,China,Hao,Chen Zhihao,1990-07-28
268,South Korea,Heen,Lee Seung,1987-02-28
269,Japan,Heromu,Hiromu Hosoya,N/A
270,Denmark,HesteJoe-Rotten,Mikki Mørch,1991-03-27
271,Germany,Hex0r,Dominik Buhmann,1991-03-21
272,Brazil,HFn,William Medeiros,1997-08-31
273,Jordan,Hook (player),Mohammad Al,1996-01-15
274,South Korea,HooNji,Baek Ji,N/A
275,USA,Hot Bid,Ken Chen,N/A
276,France,Hugo,Hugo Fouques,1989-12-19
277,China,Hy,Zheng Shuo,N/A
278,Denmark,Hyac,Per Schmidt,N/A
279,Singapore,Hyhy,Benedict Lim,1990-03-06
280,China,Hym,Xu Zhi,N/A
281,Peru,Iwo,Iwo Bejar,N/A
282,Canada,IAnnihilate,Danny Cote,N/A
283,Malaysia,Ice (player),Chua Chee,N/A
284,Ukraine,Iceberg,Bogdan Vasylenko,1997-04-13
285,China,Iceice,Li Peng,1995-08-06
286,Singapore,Iceiceice,Daryl Koh,1990-06-17
287,China,Icy,Wang Peng,1991-01-24
288,Mexico,Ifrit,Jesús Valencia,N/A
289,Russia,Illidan,Ilya Pivcaev,1991-08-13
290,Indonesia,IlLogic,Bruce Ervandi,N/A
291,Romania,ILLusionisT,Razvan Borceanu,1993-03-17
292,Russia,ILTW,Igor Filatov,1999-10-29
293,USA,Ima sheep(sux),Donal Cheung,N/A
294,China,Inflame,He Yongzheng,1992-12-22
295,China,InJuly,Yang Xiaodong,1993-01-28
296,Russia,Inkvizitor,Sergey Kaluzhniy,N/A
297,Russia,Inmate,Dmitrii Filinov,1991-11-12
298,Sweden,INsania,Aydin Sarkohi,1994-06-18
299,Russia,Inverno,Maria Gunina,1992-12-29
300,Indonesia,InYourdreaM,Muhammad Rizky,N/A
301,USA,Ixmike88,Michael Ghannam,1991-06-07
302,Belarus,J4,Alexei Lipai,1992-05-12
303,Germany,Jabbz,Mathis Friesel,N/A
304,Thailand,Jabz,Anucha Jirawong,1998-09-22
305,Belarus,Jackal,Maksim Doroshenok,N/A
306,Philippines,Jacko,Jacko Soriano,N/A
307,USA,JaH,Matthew Penaroza,N/A
308,China,James,Zhou Yifu,N/A
309,USA,Fun,Jason Teodosio,N/A
310,China,Jdh,Jiang Donghao,N/A
311,Canada,Jenkins,Andrew Jenkins,1995-10-20
312,USA,Jeppins,Jared Perkin,N/A
313,Finland,JerAx,Jesse Vainikka,1992-05-07
314,Peru,Jericho,Diego Rivera,1994-11-20
315,Peru,Jerry,Jerry Isidro,N/A
316,Philippines,JessieVash,Jessie Cristy,1990-02-21
317,South Korea,JesusSt1ck,Park Yoon,N/A
318,Canada,Jeyo,Jio Madayag,1993-04-19
319,Philippines,Jhoven,Jhoven Pancho,N/A
320,China,JiaJia,Tan Lijia,N/A
321,Canada,Jigglebilly,Marcus Dastrup,1994-06-09
322,China,Jixing,Xiao Zihao,1993-11-21
323,Malaysia,JoHnNy,Lee Siong,N/A
324,Sweden,Jonassomfan,Jonas Lindholm,1992-09-22
325,France,Joraal,Sullivan Carlotti,1993-11-07
326,Russia,JotM,Egor Surkov,1993-02-26
327,Canada,Jubei,Andrew Evelynn,N/A
328,Philippines,Julz,Julius De,1992-12-21
329,China,June,Lin Shiyang,1994-08-28
330,China,JUST,He Zhipeng,1998-08-07
331,USA,Justin,Justin Rosselle,N/A
332,Philippines,JyC,Patrick Pascua,1991-08-19
333,South Korea,JyU,Kang Taeyeong,N/A
334,China,Kabu,Zhao Kai,1992-07-16
335,USA,Kaci Aitchison,Kaci Aitchison,N/A
336,Poland,Kacor,Jakub Kocjan,N/A
337,Russia,KaHT,Andrey Shulgin,N/A
338,Singapore,Kai,Teo Kai,1995-12-02
339,China,Kaidou,Tan Yunxi,N/A
340,China,Kaka,Hu Liangzhi,1992-11-07
341,China,Freeze,Liu Chang,1996-12-27
342,Malaysia,KaNG,Chua Soon,N/A
343,USA,KBBQ,Jack Chen,N/A
344,Germany,Kebap,Rene Warner,N/A
345,Malaysia,Kecik Imba,Fadil bin,1996-03-30
346,Sweden,Kefka,Linus Bleckert,N/A
347,Romania,KeyaNo,Grigorie Andrei,N/A
348,Greece,Keyser,Grigoris Kallianiotis,1996-06-10
349,Germany,KheZu,Maurice Gutmann,1995-04-27
350,Bulgaria,Kikoni,Kiril Minkov,N/A
351,Philippines,Kim0,Kimuel Borromeo,1991-10-24
352,China,KingJ,Zhou Yang,N/A
353,Russia,KingR,Rinat Abdullin,1993-08-22
354,Brazil,Kingrd,Danylo Nascimento,1992-01-02
355,Peru,Kingteka,Abraham Canez,1997-02-07
356,Netherlands,Kipspul,Muriëlle Huisman,1991-05-22
357,Turkey,Klasynky,Emre Canl?,1991-09-20
358,Brazil,Klotz22,Paulo Nóbrega,N/A
359,Indonesia,KoaLa,Farand Kowara,1988-04-21
360,Serbia,Kole,Konstantin Jan?etovi?,N/A
361,USA,Korok,Steven Ashworth,1993-09-02
362,Peru,Kotar? Hayama,Alonso León,1997-01-31
363,USA,KotLGuy,Dakota Cox,1984-11-16
364,Australia,Kpii,Damien Sau,N/A
365,USA,Kpoptosis,Bryan Herren,1991-01-19
366,Ukraine,KSi,Sergey Kuzin,N/A
367,Philippines,Kuku,Carlo Palad,1996-09-21
368,Germany,KuroKy,Kuro Salehi,1992-10-28
369,USA,KvH,Khanh Huynh,N/A
370,Philippines,KyrieDepra,Kyrie Eleison,1998-09-21
371,Thailand,KyT,Nitiphat Chutonganan,N/A
372,Malaysia,KYxY,Lee Kong,1991-05-26
373,Russia,L0lik O,Serafim Savelyev,1994-07-21
374,Croatia,Lacoste,Dominik Stipic,1987-11-22
375,Thailand,LaKelz,Pipat Prariyachat,1989-10-26
376,Brazil,Lanaro,João Pedro,N/A
377,Malaysia,Lance (Player),Fua Hsien,N/A
378,China,LaNm,Zhang Zhicheng,1989-12-25
379,Finland,Lapiz,Eetu Seppälä,N/A
380,USA,LD,David Gorman,1986-06-03
381,China,Le,Zhang Xuanhao,1993-08-08
382,Serbia,LeBronDota,Nikola Popovi?,1990-04-23
383,Peru,LeoStyle-,Leonardo Sifuentes,1995-06-26
384,Germany,Ler GG,Timo Waszek,1990-02-23
385,China,Li,Peng Li,N/A
386,China,Liekkas,Wang Yutian,1992-11-22
387,Russia,LighTofHeaveN,Dmitry Kupriyanov,1988-01-04
388,Ukraine,Lil,Ilya Ilyuk,1995-12-24
389,Brazil,Lil kin6,Marcio Rodrigues,1995-10-04
390,Sweden,Limmp,Linus Blomdin,1995-05-31
391,China,Lin,Xu Ziyang,N/A
392,Malaysia,Ling,Cheong Sim,N/A
393,Denmark,Link,Sylvester Hoelgaard,1992-04-19
394,Brazil,Liposa,Rodrigo Lelis,1996-11-24
395,Bosnia and Herzegovina,LizZard,Admir Salkanovi?,1991-12-11
396,Sweden,Loda,Jonathan Berg,1988-03-19
397,China,Longb,Chen Long,1992-09-20
398,China,LongDD,Huang Xiang,1988-01-30
399,USA,Loomdun,Chase Stearns,N/A
400,China,Lpc,Luo Puchao,1990-01-12
401,China,Lt,Luo Tao,N/A
402,Singapore,Lubby,Chan Jun,1994-06-02
403,Germany,Luft,Merlin Seibel,1996-10-29
404,China,LuLu^^,Yin Jiajun,N/A
405,USA,Luminous,David Zhang,1988-08-04
406,China,Lwy,Zhou Xinyi,1994-09-14
407,USA,Lyrical,Gabriel Cruz,N/A
408,United Kingdom,Machine,Alex Richardson,1993-08-31
409,Greece,Madara,Omar Dabachach,N/A
410,Russia,Maden,Igor Andreevich,N/A
411,Denmark,Maelk,Jacob Toft,1986-06-18
412,South Korea,MafiA,Kim Byung,N/A
413,Jordan,MagE-,Anas Hirzallah,1997-12-14
414,Germany,MaGoma,Andreas Ramljak,N/A
415,Ukraine,Mag~,Andrey Chipenko,1990-05-10
416,Japan,Maiki,N/A,N/A
417,Czech Republic,Mambos,Pavel Beneš,1996-10-05
418,Brazil,Mandy,Leonardo Viana,1999-03-15
419,Lebanon,Mango Banana,Toufic Yaktine,N/A
420,Denmark,MaNia,Brian Strandby,1984-09-03
421,Kazakhstan,Mantis,Yernar Urazbayev,1992-08-25
422,China,Maomao,Yang Shihao,N/A
423,South Korea,March (Korean player),Park Tae,N/A
424,France,MarSu,Charlie Lelievre,1989-07-01
425,Romania,Masakary,Cosmin Nechifor,1992-05-28
426,Peru,Masoku,Álex Dávila,N/A
427,USA,Mason,Mason Venne,1991-11-02
428,Mongolia,Masquerade,Enkhbayar Batsukh,1991-10-26
429,Russia,Massacre,Leonard Urich,1992-02-17
430,Bulgaria,Mastermind,Ivaylo Petkov,N/A
431,Sweden,Matrim,Sebastian Sundström,N/A
432,Peru,Matthew,Farith Puente,N/A
433,Finland,MATUMBAMAN,Lasse Aukusti,1995-03-03
434,USA,Maut,Travis Bueno,1990-12-25
435,Greece,Maybe Next Time,Verros Apostolos,N/A
436,Turkey,MdL (Alperen Arslan),Alperen Arslan,1995-08-13
437,China,MelodyLovers,Zhang Hangqi,1989-12-28
438,USA,Melonzz,Kyle Freedman,N/A
439,Singapore,Meracle,Galvin Kang,1996-03-08
440,USA,Merlini,Ben Wu,1987-10-23
441,Russia,MeTTpuM,Daniil Gilev,N/A
442,China,Mevius,Guo Yuhang,N/A
443,Sweden,MiCKe,Michael Vu,1999-07-26
444,Malaysia,MidOne,Yeik Nai,1996-06-03
445,Denmark,MiGGel,Mikkel Berg,1987-12-16
446,Peru,MiHawk,Leonardo Astete,N/A
447,China,Mikasa,Tong Junjie,1986-10-21
448,Sweden,Mikey,Max Barkö,N/A
449,Bosnia and Herzegovina,MiLAN,Milan Kozomara,1995-06-23
450,Bulgaria,MinD ContRoL,Ivan Borislavov,1995-01-20
451,Indonesia,Minerva,Rene Michael,N/A
452,Sweden,Mini,Hampus Olsson,1993-09-08
453,Russia,Miposhka,Yaroslav Naidenov,1997-11-30
454,Jordan,Miracle-,Amer Al,1997-06-20
455,Sweden,Mirakel,Jesper Nyhlén,1990-02-18
456,Denmark,MiSeRy,Rasmus Berth,1991-07-14
457,Russia,Misha,Mikhail Agatov,1997-07-24
458,Croatia,Mitch,Damir Škari?i?,1992-04-27
459,USA,MJW,Michael Nguyen,N/A
460,China,MMY,Lei Zengrong,1989-09-10
461,China,Mofi,Rong Yao,N/A
462,China,Monet,Du Peng,1999-09-25
463,USA,Monkeys-forever,Jaron Clinton,N/A
464,USA,Monolith,Charlie Yang,N/A
465,USA,Moo,David William,1995-11-09
466,China,Moogy,Xu Han,1994-04-19
467,China,Mool,Zeng Yulei,1994-08-26
468,Malaysia,NaNa,Kam Boon,1995-02-12
469,Belarus,Moonlight,Vladislav Mihteev,N/A
470,Canada,MoonMeander,David Tan,1992-01-28
471,Malaysia,MoZuN,Goh Choo,N/A
472,South Korea,MP,Pyo No,1994-04-16
473,China,Mrrr,Meng Rui,N/A
474,USA,MSS,Arif Anwar,N/A
475,Peru,Mstco,Ricardo Román,N/A
476,Malaysia,MtR,Kelvin Chong,N/A
477,Ukraine,Mtrx4u,Vladyslav Suzdal,1988-10-22
478,China,Mu,Zhang Pan,1989-12-24
479,Malaysia,Mushi,Chai Yee,1990-11-27
480,Sweden,Mynuts,Johan Andersson,N/A
481,Thailand,MyPro,Kittikorn Inngoen,1992-06-25
482,Denmark,N0tail,Johan Sundstein,1993-10-08
483,Indonesia,Nafari,Azam Aljabar,1993-09-18
484,USA,Nahaz,Alan Bester,N/A
485,Philippines,Nando,Fernando Mendoza,1996-10-31
486,China,NeaR,Lu Guangkun,N/A
487,Brazil,Nedbone,Danilo Silva,N/A
488,Finland,Nemphy,Sampsa Kutvonen,1996-12-26
489,Turkey,Neqroman,Selim Oynar,1994-12-30
490,Malaysia,Net (player),Wai Pern,1991-10-13
491,USA,Newsham,Jason Newsham,N/A
492,Russia,Nexus,Igor Lisakovsky,1992-08-04
493,Bulgaria,Nikobaby,Nikolay Nikolov,N/A
494,Germany,Nine,Leon Kirilin,N/A
495,Philippines,Ninjaboogie,Michael Ross,1992-01-31
496,Finland,Niqua,Niclas Westergård,N/A
497,Poland,Nisha,Micha? Jankowski,2000-09-28
498,Russia,Nix,Alexander Levin,N/A
499,Malaysia,Nj,Law Chee,N/A
500,India,NO Chanc3,Moin Ejaz,1992-10-02
501,China,Noble,Lan Gaochong,N/A
502,Russia,Nocik,Sergey Kleshukov,N/A
503,Russia,NoFear,Alexander Churochkin,1993-07-03
504,Denmark,Noia,Danny Mørch,1989-07-17
505,Thailand,Nokky,Attawat Teephom,N/A
506,China,Nono,Wang Xin,N/A
507,Ukraine,Noone,Vladimir Minenko,1997-09-04
508,South Africa,Noxville,Ben Steenhuisen,1988-09-30
509,Russia,NS,Yaroslav Kuznetsov,1988-09-24
510,Singapore,NutZ,Wong Jeng,1989-08-31
511,United Kingdom,ODPixel,Owen Davies,1993-03-29
512,Czech Republic,Offak,Daniel Gorol,N/A
513,Malaysia,Ohaiyo,Khoo Chong,1993-03-31
514,Finland,Okcya,Niklas Koskinen,N/A
515,China,Old chicken,Wang Zhiyong,1993-05-26
516,Slovakia,Oliver,Oliver Lepko,N/A
517,Canada,OmegaPwner,Zhongliang Deng,N/A
518,China,Op,Ou Peng,N/A
519,China,Ori,Zeng Jiaoyang,N/A
520,China,Origami,Luo Fuyu,N/A
521,Philippines,Owa,Joshua Dela,1993-05-05
522,Denmark,OwnedMe,Mathias Huynh,N/A
523,Brazil,PAADA,Arthur Zarzur,1988-09-01
524,Sweden,Pablo,Axel Källman,1995-08-31
525,Sweden,Pajkatt,Per Anders,1992-09-19
526,USA,Pandaego,Jared Fletcher,N/A
527,China,Paparazi?,Zhang Chengjun,1996-06-27
528,Argentina,Papita,Mariano Caneda,1995-01-19
529,France,PARIS,Titouan Merloz,1992-08-19
530,Germany,PaS,Pascal Lohmeier,1992-10-25
531,Poland,Patos,Pawe? Naruszewicz,N/A
532,Canada,PatSoul,Zheng Yukai,N/A
533,Russia,PGG,Vladimir Anosov,1990-11-13
534,China,Piao,Peng Renjie,1995-08-23
535,Sweden,Pieliedie,Johan Åström,N/A
536,Ukraine,Pikachu,Yaroslav Vasylenko,1997-04-13
537,Germany,PimpmuckL,Jonathan Liebig,N/A
538,Slovenia,Pingvincek,Jure Plešej,N/A
539,Sweden,Pinoy,Alexander Pettersson,N/A
540,South Korea,PLZDunKilme,Kim Sangho,N/A
541,Singapore,Poloson,Wilson Koh,1996-04-28
542,USA,Ppd,Peter Dager,1991-11-02
543,China,PrettyHaw,Zhao Jiabin,1992-09-16
544,Philippines,Primo,Peter Bondal,N/A
545,Czech Republic,Profheadshot,Martin Hála,N/A
546,Russia,PSM,Andrei Dunaev,1986-08-19
547,China,Puer tea,Xiang Xin,N/A
548,Estonia,Puppey,Clement Ivanov,1990-03-06
549,USA,Purge (Kevin Godec),Kevin Godec,1987-08-17
550,Serbia,PwN,Stefan Pavlovic,1994-04-30
551,United Kingdom,PyrionFlax,Ted Forsyth,1976-03-29
552,South Korea,PYung,Gwon Pyeong,N/A
553,China,Q,Fu Bin,1993-04-18
554,China,Qd,Zhao Shungeng,N/A
555,China,Qianqian,Li Wenyao,N/A
556,South Korea,QO,Kim Seon,1993-09-22
557,Germany,Qojqva,Maximilian Bröcker,N/A
558,China,QQQ,Yao Yi,1985-09-19
559,Ukraine,QwisTa,Mikhail Ilyashenko,N/A
560,Australia,R1sk,David Arnous,N/A
561,Thailand,R5r5,Nattapong Petkong,N/A
562,China,Rabbit,Wang Zhang,N/A
563,China,RampaGe,Chen Mingyang,1994-06-02
564,Russia,RAMZES666,Roman Kushnarev,1999-04-25
565,China,Ran,Fang Xu,N/A
566,Philippines,Rapy,Rafael Sicat,1996-11-08
567,Philippines,Raven,Marc Polo,1998-09-22
568,Greece,ReaLaxXx,Nikos Kiazolis,1991-07-30
569,USA,Reaves,N/A,N/A
570,China,Red,Sun Youjia,N/A
571,United Kingdom,Redeye,Paul Chaloner,1971-11-11
572,Sweden,Reelo,Oscar Ljungberg,N/A
573,Sweden,Reesion,David Siekas,N/A
574,South Korea,Reisen,Lee Jun,1993-03-04
575,China,Rem,Shen Chao,1995-05-15
576,Ukraine,Resolut1on,Roman Fominok,1996-09-02
577,Mongolia,Retribution,Temuulen Amarsaikhan,1996-10-30
578,United Kingdom,Rime,Robert Pratt,N/A
579,USA,Riser,Andrew Bronze,N/A
580,USA,Ritsu,Ravindu Kodippili,N/A
581,Germany,RMC,Philipp Pausewang,N/A
582,Germany,RmN-,Roman Paley,1993-12-17
583,Malaysia,Roddgeee,Roger Tan,1994-01-09
584,Russia,RodjER,Vladimir Nikogosyan,1993-12-14
585,China,Rong,Chen Jingwu,N/A
586,China,ROtK,Bai Fan,1992-03-13
587,Philippines,RR,Ralph Richard,1994-11-08
588,Kyrgyzstan,Runec,Bektur Kulov,1997-10-22
589,USA,Ryoya,Eric Dong,N/A
590,Philippines,RyOyr,Ryo Hasegawa,1992-10-03
591,USA,RyuUboruZ,Alan Andersen,N/A
592,Japan,Ryuya,Ryuya Ikeda,N/A
593,Denmark,Ryze,Christoffer Borregaard,1989-02-20
594,Sweden,S4,Gustav Magnusson,1992-04-01
595,China,Sag,Li Guo,1987-12-07
596,China,Luobo,Luo Yebo,1994-07-01
597,China,Fran,Xu Zichen,1995-07-21
598,Macedonia,Saksa,Martin Sazdov,1995-06-12
599,Philippines,Sam H,Samson Solomon,1994-12-12
600,Mongolia,SANKE,Od Nergui,1992-10-27
601,China,SanSheng,Wang Zhaohui,1989-06-13
602,Russia,Santa,Alexander Koltan,1989-06-10
603,China,Sayaka,Mao Mingyuan,N/A
604,Germany,Scabo,Dennis Niemczycki,N/A
605,Russia,Scandal,Roman Sadotenkov,1991-12-04
606,South Africa,Scant,Anthony Hodgson,N/A
607,China,Sccc,Song Chun,1995-08-18
608,Indonesia,SCL,Ruby Gunawan,N/A
609,Peru,Scofield,Elvis De,1998-04-29
610,Singapore,SCripted,Jonathan Lee,N/A
611,Thailand,SD,Noppadon Paopongprapun,N/A
612,Sweden,Sealkid,Elias Merta,N/A
613,Russia,Sedoy,Vadim Musorin,1992-06-08
614,South Korea,SeleCT,Ryoo Kyung,1988-10-21
615,Netherlands,Seleri,Melchior Hillenkamp,N/A
616,China,Guvara,Hu Sen,N/A
617,China,September,Xue Zhichuan,N/A
618,China,Shade,Gao Zhenxiong,N/A
619,Philippines,Seven (Filipino player),Jhonel Jay,N/A
620,Netherlands,SexyBamboe,Alaan Faraj,1992-01-20
621,Ukraine,Sh4dowehhh,Eugeniy Aleskeev,1996-06-23
622,Russia,Shachlo,Maxim Abramovskikh,1992-05-22
623,China,Shadow (player),Chu Zeyu,1997-03-21
624,China,Ripuck,Zhou Shengchao,N/A
625,Ireland,Shaneomad,Shane Clarke,N/A
626,Malaysia,Sharky,Raymond Wong,N/A
627,Australia,Shatan,Alex Chang,N/A
628,Netherlands,Sheever,Jorien van,1985-04-26
629,USA,Shiibbyy,Josh Trenholm,N/A
630,China,Shiki,Huang Jiwei,1992-10-07
631,China,Shining,Zhang Jiabao,N/A
632,USA,Shredder (player),Eric Sheeder,N/A
633,Finland,Sifla,Olli Vidberg,N/A
634,Indonesia,Signa,Adam Ozari,N/A
635,Russia,Silent,Airat Gaziev,1992-12-03
636,Netherlands,SingSing,WehSing Yuen,1991-06-19
637,USA,SirActionSlacks,Jake Kanner,N/A
638,Greece,SKANKS224,Ioannis Theodoridis,N/A
639,Philippines,Skemberlu,Rolen Andrei,N/A
640,Sweden,Skrff,Rikard Holm,1988-10-18
641,South Korea,Sky,Park Yongkyu,N/A
642,Greece,SkyLark,Kharis Zafeiriou,N/A
643,Denmark,Slahser,N/A,N/A
644,Russia,Slander,Dmitry Zhukov,N/A
645,Bulgaria,SlashStrike,Stoyan Kralchev,N/A
646,USA,Slayer,Scott Palmer,N/A
647,Australia,SLiCKz,Trent Tucker,N/A
648,Peru,SmAsH,Bryan Freddy,N/A
649,Sweden,Smulgullig,Johan Gidmark,N/A
650,USA,Sneyking,Jingjun Wu,1995-05-03
651,Australia,Snoopy,Trong Truong,N/A
652,China,Sober,Liu Renrui,N/A
653,Denmark,Solen,Sebastian Kjær,1992-07-09
654,Sweden,Solitude,Yousif Kutaiba,N/A
655,Russia,Solo,Alexei Berezin,1990-08-07
656,China,Maybe,Lu Yao,1995-12-16
657,Russia,SoNNeikO,Akbar Butaev,1997-05-16
658,Brazil,Sooths,Pedro Luiz,N/A
659,USA,Sovereign,Robert Dodge,N/A
660,Finland,Spin,Ari Raimi,N/A
661,China,Spotty,Yu Wenyuan,N/A
662,Russia,SQreen,Khaled El,N/A
663,China,Srf,Sun Runfa,N/A
664,Greece,SsaSpartan,Giorgos Giannakopoulos,N/A
665,China,Xll,Huo Xiaole,N/A
666,Japan,STABA,Munehito Takekawa,N/A
667,USA,Stan King,Stanley Yang,N/A
668,Ukraine,State21,Vladislav Galushko,N/A
669,Sweden,Steffstyle,Staffan Solin,N/A
670,Peru,StingeR,Steven Vargas,1996-12-15
671,Bulgaria,Stomanen1,Nikolay Kalchev,N/A
672,Sweden,Strangby,Philip Strängby,N/A
673,China,Sugar baby,Li Yajun,1995-03-16
674,Pakistan,SumaiL,Syed Sumail,1999-02-13
675,South Korea,SunBhie,Lee Jeong,N/A
676,Brazil,Sune,José Freitas,1991-06-16
677,Belarus,Sunlight,Kirill Kachinsky,1995-11-25
678,USA,SUNSfan,Shannon Scotten,1985-08-14
679,China,Super,Xie Junhao,1993-01-04
680,China,Super (Su Peng),Su Peng,1989-10-19
681,Poland,Supreme,Przemek Jankowski,N/A
682,USA,SVG,Avery Silverman,N/A
683,Serbia,Swiftending,Uroš Gali?,1993-07-01
684,India,Swifty,Jeet Kundra,N/A
685,Malaysia,Syeonix,Byron Young,1998-10-02
686,China,Sylar,Liu Jiajun,1993-12-20
687,Denmark,SyndereN,Troels Lyngholt,1989-12-24
688,Norway,Taiga,Tommy Le,1999-07-04
689,Brazil,Tavo,Otávio Gabriel,1994-12-19
690,Canada,TC,Tyler Cook,1992-04-04
691,Philippines,Teehee,John Linuel,1995-11-20
692,Russia,The apathy,Andrey Aleshkov,N/A
693,Brazil,Therence,Therence Coelho,1995-01-29
694,Brazil,Thiolicor,Thiago de,1999-08-10
695,Greece,ThuG,Dimitris Plivouris,N/A
696,USA,TidesofTime,Andrew Biessener,1991-12-31
697,Peru,Timado,Enzo Gianoli,2000-09-06
698,Philippines,Tims,Timothy John,1997-07-04
699,Thailand,TnK,Trai Akaravinak,N/A
700,Australia,TobiWan,Toby Dawson,1985-07-24
701,USA,Toffees,Steve Pierce,N/A
702,China,Tone,Yang Jiachao,N/A
703,Malaysia,TooFuckingGood,Daniel Wong,N/A
704,Russia,TpoH,Maxim Vernikov,N/A
705,USA,Tralf,Mark Seidl,N/A
706,Canada,TrentPax,Trent MacKenzie,N/A
707,Finland,Trixi,Kalle Saarinen,1989-12-28
708,Singapore,Tudi,Yao Wen,1996-09-02
709,Slovakia,Tulex,Michal Zima,N/A
710,China,TuTu,Bai Fan,N/A
711,Albania,TwiSta,Visar Zymberi,N/A
712,Russia,Ubah,Ivan Kapustin,N/A
713,Russia,UnderShock,Dmitry Bolshakov,N/A
714,Denmark,Unicornxoxo,Jonathan Arge,N/A
715,USA,UNiVeRsE,Saahil Arora,1989-10-11
716,USA,USH,Chris Usher,N/A
717,Switzerland,V0ja,Adrien Putallaz,1988-07-12
718,Ukraine,V1lat,Vitalii Volochai,1986-08-08
719,Finland,Vaalix,Mikko Ristimäki,N/A
720,Croatia,Vandersar,Aleksandar Miloshevich,1998-06-01
721,Peru,VanN,Juan Carlos,1994-06-15
722,Russia,VANSKOR,Ivan Skorokhod,1995-01-20
723,Australia,Velo,Kim Tae,1995-01-11
724,China,Victoria,Chen Guanhong,1995-11-05
725,Russia,Vigoss,Ivan Shinkarev,1987-10-31
726,Romania,W33,Aliwi Omar,1995-03-06
727,Sweden,Wagamama,Niklas Högström,N/A
728,China,Waixi,Yan Chao,1996-11-12
729,Slovakia,Warlog,Martin Zima,N/A
730,Canada,Waytosexy,Peter Nguy?n,1993-12-08
731,Singapore,Weddingcrash,Wong Wei,N/A
732,Belarus,Wejustzik,Oleg Zinovenko,1991-09-02
733,Malaysia,Wenn,Neng Ee,N/A
734,Sweden,Weppas,Johan Westberg,1992-03-23
735,China,White,Lei Yipei,N/A
736,USA,WhiteBeard,Bryant Lehwald,N/A
737,Russia,Windx,Yevgeny Vlasenko,N/A
738,Malaysia,WinteR,Chan Litt,1989-08-21
739,USA,WwD,Will Davis,1996-01-21
740,Germany,WwieWambo,Felix Schipke,1995-03-15
741,Russia,XaKoH,Evgeny Kochetov,1990-07-13
742,Ukraine,XBOCT,Alexander Dashkevich,1990-12-29
743,China,XDD,Liu Silong,N/A
744,Indonesia,Xepher,Kenny Deo,1996-06-27
745,Singapore,XFreedom,Nicholas Kelvin,1993-05-10
746,China,Luo,Luo Yinqi,1990-10-25
747,Malaysia,Xiangzai,Chiok Soon,N/A
748,China,Xiao2lei,Meng Lei,1993-07-21
749,China,Xiao8,Zhang Ning,1989-11-14
750,China,Xiaofu,Zhuang Yongfu,N/A
751,China,XiaoXiao,Ma Junju,N/A
752,China,XinQ,Zhao Zixing,N/A
753,Philippines,XLucky,Mark Louise,N/A
754,Australia,MusiCa,Justin Yuen,1990-12-12
755,Malaysia,XNova-,Yap Jian,N/A
756,Australia,XRag,Augustus John,1996-08-04
757,Malaysia,XtiNcT,Joel Chan,1988-10-16
758,China,Xtt,Xu Xuntao,N/A
759,Canada,Xuan (Yixuan Guo),Guo Yixuan,N/A
760,China,Xxs,Lin Jing,1999-08-21
761,China,XXSJ,Xiao Chaojian,N/A
762,Singapore,Xy-,Toh Wai,1991-12-27
763,China,Xz,Chen Zezhi,1992-10-18
764,China,Y`,Zhang Yiping,1998-08-08
765,Indonesia,Yabyoo,Yusuf Kurniawan,1996-03-11
766,Philippines,Yaj,Jayjay Garan,1998-03-22
767,Malaysia,YamateH,Ng Wei,N/A
768,China,Yang,Zhou Haiyang,1996-11-15
769,China,Yao,Yao Zhengzheng,1990-12-23
770,China,YaphetS,Bu Yanjun,1990-03-08
771,Jordan,YapzOr,Yazied Jaradat,1994-10-17
772,Pakistan,YawaR,Yawar Hassan,N/A
773,China,YChen,Pan Shuaifang,N/A
774,China,Yin,Fan Qihua,N/A
775,Russia,Yoky-,Maxim Kim,1995-02-07
776,Russia,Yol,Vladimir Basov,1999-05-13
777,Singapore,Ysaera,Adrian Rui,N/A
778,China,Ainiyo,Hu Zhiyi,N/A
779,China,Yxl,Yang Xiaolei,N/A
780,China,YYF,Jiang Cen,1987-02-03
781,Malaysia,Zacky,Tui Jun,N/A
782,Sweden,Zai,Ludwig Wåhlberg,1997-08-05
783,Kyrgyzstan,Zayac,Bakyt Emilzhanov,1998-12-02
784,Italy,Zenigata,Tilen Simcic,N/A
785,Sweden,Zeroji,Filip Erlandsson,N/A
786,China,ZeroPerfect,Feng Yichuan,1992-09-05
787,China,ZExBinGo,Zeng Cong,N/A
788,USA,Zfreek,Zakari Freedman,N/A
789,China,Zhizhizhi,Jin Zhiyi,N/A
790,China,Zhou,Chen Yao,1990-06-14
791,China,ZippO,Zhou Xiong,N/A
792,Romania,Zizou,Andrei Zisu,N/A
793,China,ZSMJ,Gong Jian,1990-01-11
794,Peru,Ztok,Jesus Carhuaricra,1995-05-18
795,Belarus,Zxc,Vitalii Kiyanichenko,N/A
796,USA,Zyori,Andrew Campbell,1989-10-16
797,Mexico,Zyzz,Luis Perez,N/A
798,Russia,????,Evgeniy Kuznetsov,1992-08-18
799,China,??,Lu Kang,N/A
800,China,???,Lu Hao,N/A
801,China,Yftx,Jiang An,N/A
802,China,???,Zhan Yaoyang,N/A
803,China,?A,Wang Xu,N/A
804,China,?,Zhai Jingkai,N/A
805,China,???,Wang Liang,1994-11-30
